INSERT INTO holder (username, password, role) VALUES
('gateway', '$2a$12$0bTF7oEZLhv7IHto/kbUy.mCuxprWsVcvUw/YJ9QjVD/nNsw7Nnx.', 'ROLE_GATEWAY'),
('test1', '$2a$12$SfbNYBqc7WzOg3ZVuAzAneuopQM8FbkslGRiwJvhQDlw9b1CUIn/e', 'ROLE_USER'), 
('test2', '$2a$12$SfbNYBqc7WzOg3ZVuAzAneuopQM8FbkslGRiwJvhQDlw9b1CUIn/e', 'ROLE_USER'), 
('test3', '$2a$12$SfbNYBqc7WzOg3ZVuAzAneuopQM8FbkslGRiwJvhQDlw9b1CUIn/e', 'ROLE_USER')
ON CONFLICT DO NOTHING;

INSERT INTO currency (code, rate) VALUES ('USD', '1.0'), ('EUR', '1.18927'),
('JPY', '0.00638'), ('GBP', '1.36388'), ('CHF', '1.3'),
('SEK', '0.1115'), ('NOK', '0.10386'), ('DKK', '0.159'),
('PLN', '0.2783'), ('HUF', '0.00311'), ('CZK', '0.0487') ON CONFLICT DO NOTHING;

INSERT INTO wallet (tag, holder, balance, currency, created) VALUES
('USD_nyc_trip', 'test1', 1285534, 'USD', '2026-02-22T11:25:15.091793Z'),
('EUR_main', 'test1', 4216634, 'EUR', '2026-02-21T11:25:15.091793Z'),
('GBP_LONDON_OFFICE', 'test1', 550034, 'GBP', '2026-02-25T11:25:15.091793Z'),
('EUR_allowance', 'test1', 150000, 'EUR', '2026-02-27T11:25:15.091793Z'),
('EUR_rent', 'test1', 96634, 'EUR', '2026-02-28T11:25:15.091793Z'),
('GBP_LONDON_PERSONAL', 'test1', 178534, 'GBP', '2026-02-23T11:25:15.091793Z'),
('JPY_japan', 'test1', 35014932, 'JPY', '2026-02-24T11:25:15.091793Z'),
('EUR_main', 'test2', 6721397, 'EUR', '2026-02-21T11:25:15.091793Z'),
('EUR_Berlin', 'test2', 2197, 'EUR', '2026-02-22T11:25:15.091793Z'),
('CHF_Switzerland', 'test2', 55322, 'CHF', '2026-02-23T11:25:15.091793Z'),
('SEK_Stockholm', 'test2', 678865, 'SEK', '2026-02-24T11:25:15.091793Z'),
('NOK_Oslo', 'test2', 216344, 'NOK', '2026-02-25T11:25:15.091793Z'),
('DKK_Copenhagen', 'test2', 811100, 'DKK', '2026-02-26T11:25:15.091793Z'),
('CZK_Prague', 'test2', 83245607, 'CZK', '2026-02-27T11:25:15.091793Z'),
('JPY_office_expenses', 'test3', 134567634, 'JPY', '2026-02-25T11:25:15.091793Z'),
('JPY_medical', 'test3', 9876543210, 'JPY', '2026-02-26T11:25:15.091793Z'),
('JPY_dad', 'test3', 99773421, 'JPY', '2026-02-27T11:25:15.091793Z'),
('PLN_convention', 'test3', 5327546, 'PLN', '2026-02-28T11:25:15.091793Z'),
('HUF_summer_vacation', 'test3', 1234567890, 'HUF', '2026-02-24T11:25:15.091793Z'),
('USD_business', 'test3', 643057, 'USD', '2026-02-23T11:25:15.091793Z'),
('USD_saving', 'test3', 1241900, 'USD', '2026-02-20T11:25:15.091793Z')
ON CONFLICT DO NOTHING;

DELETE FROM transaction WHERE DATE (initiated) = '2026-03-13';

INSERT INTO transaction (payer_wallet_id, payer_currency, payer_amount, fee_amount,
                         payee_wallet_id, payee_currency, payee_amount, initiated, status) VALUES
(5, 'EUR', 7791, 633, 12, 'NOK', 81964, '2026-03-13T11:44:39.986278Z', 'SUCCESSFUL'),
(11, 'SEK', 9196, 747, 19, 'HUF', 302914, '2026-03-13T11:44:42.080622Z', 'SUCCESSFUL'),
(20, 'USD', 1433, 116, 7, 'JPY', 206426, '2026-03-13T11:44:44.164802Z', 'SUCCESSFUL'),
(5, 'EUR', 8297, 674, 11, 'SEK', 81307, '2026-03-13T11:44:44.216788Z', 'SUCCESSFUL'),
(9, 'EUR', 121, 9, 19, 'HUF', 42829, '2026-03-13T11:44:46.279389Z', 'SUCCESSFUL'),
(20, 'USD', 7847, 637, 4, 'EUR', 6062, '2026-03-13T11:44:48.330800Z', 'SUCCESSFUL'),
(2, 'EUR', 3947, 197, 8, 'EUR', 3750, '2026-03-13T11:44:48.368208Z', 'SUCCESSFUL'),
(11, 'SEK', 7567, 614, 15, 'JPY', 121514, '2026-03-13T11:44:50.459474Z', 'SUCCESSFUL'),
(19, 'HUF', 2993, 243, 7, 'JPY', 1340, '2026-03-13T11:44:52.553530Z', 'SUCCESSFUL'),
(1, 'USD', 6940, 563, 13, 'DKK', 40106, '2026-03-13T11:44:52.583196Z', 'SUCCESSFUL'),
(2, 'EUR', 871, 70, 13, 'DKK', 5991, '2026-03-13T11:44:54.725110Z', 'SUCCESSFUL'),
(12, 'NOK', 2330, 189, 18, 'PLN', 799, '2026-03-13T11:44:56.796214Z', 'SUCCESSFUL'),
(17, 'JPY', 8889, 722, 4, 'EUR', 43, '2026-03-13T11:44:58.875760Z', 'SUCCESSFUL'),
(4, 'EUR', 6056, 492, 13, 'DKK', 41616, '2026-03-13T11:44:58.913876Z', 'SUCCESSFUL'),
(10, 'CHF', 2595, 210, 19, 'HUF', 996945, '2026-03-13T11:45:00.960184Z', 'SUCCESSFUL'),
(15, 'JPY', 8581, 697, 4, 'EUR', 42, '2026-03-13T11:45:03.034154Z', 'SUCCESSFUL'),
(3, 'GBP', 6415, 521, 13, 'DKK', 50557, '2026-03-13T11:45:03.091869Z', 'SUCCESSFUL'),
(14, 'CZK', 5237, 425, 15, 'JPY', 36731, '2026-03-13T11:45:05.152538Z', 'SUCCESSFUL'),
(21, 'USD', 1513, 122, 2, 'EUR', 1169, '2026-03-13T11:45:07.201829Z', 'SUCCESSFUL'),
(1, 'USD', 9571, 777, 11, 'SEK', 78869, '2026-03-13T11:45:07.227301Z', 'SUCCESSFUL'),
(13, 'DKK', 5729, 465, 16, 'JPY', 131187, '2026-03-13T11:45:09.292700Z', 'SUCCESSFUL'),
(20, 'USD', 754, 61, 6, 'GBP', 508, '2026-03-13T11:45:11.369357Z', 'SUCCESSFUL'),
(3, 'GBP', 3993, 324, 12, 'NOK', 48180, '2026-03-13T11:45:11.406244Z', 'SUCCESSFUL'),
(10, 'CHF', 7605, 617, 20, 'USD', 9084, '2026-03-13T11:45:13.474532Z', 'SUCCESSFUL'),
(20, 'USD', 3448, 172, 1, 'USD', 3276, '2026-03-13T11:45:15.525291Z', 'SUCCESSFUL'),
(7, 'JPY', 7715, 626, 13, 'DKK', 284, '2026-03-13T11:45:15.555960Z', 'SUCCESSFUL'),
(12, 'NOK', 6866, 557, 21, 'USD', 655, '2026-03-13T11:45:17.594932Z', 'SUCCESSFUL'),
(21, 'USD', 6440, 523, 5, 'EUR', 4975, '2026-03-13T11:45:19.664289Z', 'SUCCESSFUL'),
(6, 'GBP', 2365, 192, 11, 'SEK', 26580, '2026-03-13T11:45:19.729539Z', 'SUCCESSFUL'),
(11, 'SEK', 9874, 802, 16, 'JPY', 158546, '2026-03-13T11:45:21.780173Z', 'SUCCESSFUL'),
(17, 'JPY', 9240, 750, 1, 'USD', 54, '2026-03-13T11:45:23.834293Z', 'SUCCESSFUL'),
(4, 'EUR', 2415, 196, 11, 'SEK', 23668, '2026-03-13T11:45:23.872921Z', 'SUCCESSFUL'),
(14, 'CZK', 413, 33, 19, 'HUF', 5950, '2026-03-13T11:45:25.919220Z', 'SUCCESSFUL'),
(19, 'HUF', 2651, 215, 7, 'JPY', 1187, '2026-03-13T11:45:27.980518Z', 'SUCCESSFUL'),
(6, 'GBP', 4761, 386, 8, 'EUR', 5017, '2026-03-13T11:45:28.022843Z', 'SUCCESSFUL'),
(10, 'CHF', 8640, 702, 21, 'USD', 10319, '2026-03-13T11:45:30.063689Z', 'SUCCESSFUL'),
(16, 'JPY', 4833, 241, 7, 'JPY', 4592, '2026-03-13T11:45:32.113165Z', 'SUCCESSFUL'),
(5, 'EUR', 3113, 252, 11, 'SEK', 30515, '2026-03-13T11:45:32.152587Z', 'SUCCESSFUL'),
(10, 'CHF', 1457, 118, 18, 'PLN', 6254, '2026-03-13T11:45:34.220850Z', 'SUCCESSFUL'),
(17, 'JPY', 1721, 139, 1, 'USD', 10, '2026-03-13T11:45:36.287250Z', 'SUCCESSFUL'),
(7, 'JPY', 9647, 783, 12, 'NOK', 544, '2026-03-13T11:45:36.322300Z', 'SUCCESSFUL'),
(12, 'NOK', 9529, 774, 16, 'JPY', 142522, '2026-03-13T11:45:38.398905Z', 'SUCCESSFUL'),
(18, 'PLN', 5354, 435, 1, 'USD', 1368, '2026-03-13T11:45:40.471279Z', 'SUCCESSFUL'),
(6, 'GBP', 6981, 567, 9, 'EUR', 7355, '2026-03-13T11:45:40.538832Z', 'SUCCESSFUL'),
(10, 'CHF', 9109, 740, 16, 'JPY', 1705282, '2026-03-13T11:45:42.605985Z', 'SUCCESSFUL'),
(17, 'JPY', 1287, 104, 1, 'USD', 7, '2026-03-13T11:45:44.638932Z', 'SUCCESSFUL'),
(3, 'GBP', 6582, 534, 11, 'SEK', 73979, '2026-03-13T11:45:44.667599Z', 'SUCCESSFUL'),
(14, 'CZK', 554, 45, 15, 'JPY', 3885, '2026-03-13T11:45:46.725199Z', 'SUCCESSFUL'),
(16, 'JPY', 2740, 137, 7, 'JPY', 2603, '2026-03-13T11:45:48.791773Z', 'SUCCESSFUL'),
(4, 'EUR', 9146, 743, 14, 'CZK', 205204, '2026-03-13T11:45:48.855417Z', 'SUCCESSFUL'),
(8, 'EUR', 2636, 214, 20, 'USD', 2880, '2026-03-13T11:45:50.927851Z', 'SUCCESSFUL'),
(17, 'JPY', 5136, 256, 7, 'JPY', 4880, '2026-03-13T11:45:52.991473Z', 'SUCCESSFUL'),
(6, 'GBP', 9012, 732, 12, 'NOK', 108732, '2026-03-13T11:45:53.045747Z', 'SUCCESSFUL'),
(11, 'SEK', 5872, 477, 19, 'HUF', 193422, '2026-03-13T11:45:55.100462Z', 'SUCCESSFUL'),
(16, 'JPY', 2824, 229, 2, 'EUR', 13, '2026-03-13T11:45:57.162542Z', 'SUCCESSFUL'),
(1, 'USD', 444, 36, 11, 'SEK', 3659, '2026-03-13T11:45:57.187132Z', 'SUCCESSFUL'),
(13, 'DKK', 4572, 371, 18, 'PLN', 2400, '2026-03-13T11:45:59.254495Z', 'SUCCESSFUL'),
(20, 'USD', 8318, 675, 6, 'GBP', 5603, '2026-03-13T11:46:01.293001Z', 'SUCCESSFUL'),
(4, 'EUR', 779, 63, 10, 'CHF', 655, '2026-03-13T11:46:01.319491Z', 'SUCCESSFUL'),
(11, 'SEK', 9698, 787, 19, 'HUF', 319477, '2026-03-13T11:46:03.388893Z', 'SUCCESSFUL'),
(17, 'JPY', 4207, 341, 3, 'GBP', 18, '2026-03-13T11:46:05.466348Z', 'SUCCESSFUL'),
(2, 'EUR', 4001, 325, 14, 'CZK', 89769, '2026-03-13T11:46:05.497974Z', 'SUCCESSFUL'),
(8, 'EUR', 8154, 662, 19, 'HUF', 2864955, '2026-03-13T11:46:07.564273Z', 'SUCCESSFUL'),
(21, 'USD', 9626, 782, 4, 'EUR', 7436, '2026-03-13T11:46:09.635736Z', 'SUCCESSFUL'),
(6, 'GBP', 3452, 280, 12, 'NOK', 41654, '2026-03-13T11:46:09.685826Z', 'SUCCESSFUL'),
(12, 'NOK', 8091, 657, 15, 'JPY', 121018, '2026-03-13T11:46:11.744717Z', 'SUCCESSFUL'),
(21, 'USD', 2327, 189, 7, 'JPY', 335109, '2026-03-13T11:46:13.791781Z', 'SUCCESSFUL'),
(2, 'EUR', 3598, 292, 12, 'NOK', 37856, '2026-03-13T11:46:13.826946Z', 'SUCCESSFUL'),
(10, 'CHF', 951, 77, 15, 'JPY', 178087, '2026-03-13T11:46:15.871298Z', 'SUCCESSFUL'),
(15, 'JPY', 607, 49, 6, 'GBP', 2, '2026-03-13T11:46:17.913541Z', 'SUCCESSFUL'),
(7, 'JPY', 4071, 330, 10, 'CHF', 18, '2026-03-13T11:46:17.943381Z', 'SUCCESSFUL'),
(13, 'DKK', 5560, 451, 18, 'PLN', 2918, '2026-03-13T11:46:19.997421Z', 'SUCCESSFUL'),
(17, 'JPY', 1239, 100, 4, 'EUR', 6, '2026-03-13T11:46:22.066101Z', 'SUCCESSFUL'),
(2, 'EUR', 8353, 417, 9, 'EUR', 7936, '2026-03-13T11:46:22.105712Z', 'SUCCESSFUL'),
(9, 'EUR', 7723, 627, 18, 'PLN', 30323, '2026-03-13T11:46:24.158996Z', 'SUCCESSFUL'),
(16, 'JPY', 6436, 522, 1, 'USD', 37, '2026-03-13T11:46:26.236178Z', 'SUCCESSFUL'),
(3, 'GBP', 683, 55, 14, 'CZK', 17587, '2026-03-13T11:46:26.292148Z', 'SUCCESSFUL'),
(8, 'EUR', 1869, 151, 16, 'JPY', 320245, '2026-03-13T11:46:28.359427Z', 'SUCCESSFUL'),
(16, 'JPY', 6388, 319, 7, 'JPY', 6069, '2026-03-13T11:46:30.420134Z', 'SUCCESSFUL'),
(1, 'USD', 4585, 372, 13, 'DKK', 26496, '2026-03-13T11:46:30.475425Z', 'SUCCESSFUL'),
(2, 'EUR', 4300, 215, 9, 'EUR', 4085, '2026-03-13T11:46:32.573588Z', 'SUCCESSFUL'),
(12, 'NOK', 8164, 663, 16, 'JPY', 122108, '2026-03-13T11:46:34.636607Z', 'SUCCESSFUL'),
(18, 'PLN', 7786, 632, 2, 'EUR', 1674, '2026-03-13T11:46:36.685417Z', 'SUCCESSFUL'),
(3, 'GBP', 4069, 330, 10, 'CHF', 3922, '2026-03-13T11:46:36.712601Z', 'SUCCESSFUL'),
(8, 'EUR', 6681, 542, 15, 'JPY', 1144346, '2026-03-13T11:46:38.770457Z', 'SUCCESSFUL'),
(16, 'JPY', 6271, 509, 2, 'EUR', 30, '2026-03-13T11:46:40.844054Z', 'SUCCESSFUL'),
(4, 'EUR', 6012, 488, 13, 'DKK', 41317, '2026-03-13T11:46:40.897355Z', 'SUCCESSFUL'),
(8, 'EUR', 2695, 218, 16, 'JPY', 461727, '2026-03-13T11:46:42.965921Z', 'SUCCESSFUL'),
(21, 'USD', 2680, 134, 1, 'USD', 2546, '2026-03-13T11:46:45.028924Z', 'SUCCESSFUL'),
(4, 'EUR', 6262, 508, 12, 'NOK', 65887, '2026-03-13T11:46:45.077660Z', 'SUCCESSFUL'),
(8, 'EUR', 2021, 164, 18, 'PLN', 7935, '2026-03-13T11:46:47.131968Z', 'SUCCESSFUL'),
(18, 'PLN', 645, 52, 7, 'JPY', 25867, '2026-03-13T11:46:49.200540Z', 'SUCCESSFUL'),
(5, 'EUR', 5273, 428, 10, 'CHF', 4432, '2026-03-13T11:46:49.260574Z', 'SUCCESSFUL'),
(8, 'EUR', 7285, 591, 17, 'JPY', 1247801, '2026-03-13T11:46:51.328049Z', 'SUCCESSFUL'),
(21, 'USD', 447, 22, 1, 'USD', 425, '2026-03-13T11:46:53.390858Z', 'SUCCESSFUL'),
(6, 'GBP', 3405, 276, 13, 'DKK', 26840, '2026-03-13T11:46:53.450725Z', 'SUCCESSFUL'),
(11, 'SEK', 8237, 669, 18, 'PLN', 3032, '2026-03-13T11:46:55.519296Z', 'SUCCESSFUL'),
(20, 'USD', 1532, 124, 5, 'EUR', 1183, '2026-03-13T11:46:57.570090Z', 'SUCCESSFUL'),
(5, 'EUR', 5719, 464, 12, 'NOK', 60173, '2026-03-13T11:46:57.602765Z', 'SUCCESSFUL'),
(13, 'DKK', 6645, 539, 17, 'JPY', 152171, '2026-03-13T11:46:59.669804Z', 'SUCCESSFUL'),
(16, 'JPY', 6711, 545, 2, 'EUR', 33, '2026-03-13T11:47:01.748714Z', 'SUCCESSFUL'),
(4, 'EUR', 6681, 542, 13, 'DKK', 45917, '2026-03-13T11:47:01.811069Z', 'SUCCESSFUL'),
(13, 'DKK', 4666, 379, 17, 'JPY', 106839, '2026-03-13T11:47:03.865530Z', 'SUCCESSFUL'),
(20, 'USD', 4051, 202, 1, 'USD', 3849, '2026-03-13T11:47:05.914334Z', 'SUCCESSFUL'),
(2, 'EUR', 3294, 164, 8, 'EUR', 3130, '2026-03-13T11:47:05.939272Z', 'SUCCESSFUL'),
(9, 'EUR', 169, 13, 21, 'USD', 185, '2026-03-13T11:47:07.973637Z', 'SUCCESSFUL'),
(20, 'USD', 1199, 97, 3, 'GBP', 807, '2026-03-13T11:47:10.025953Z', 'SUCCESSFUL'),
(4, 'EUR', 6150, 499, 10, 'CHF', 5169, '2026-03-13T11:47:10.087756Z', 'SUCCESSFUL'),
(12, 'NOK', 9426, 765, 21, 'USD', 899, '2026-03-13T11:47:12.161651Z', 'SUCCESSFUL'),
(18, 'PLN', 1673, 135, 2, 'EUR', 359, '2026-03-13T11:47:14.228953Z', 'SUCCESSFUL'),
(6, 'GBP', 7832, 636, 9, 'EUR', 8252, '2026-03-13T11:47:14.275611Z', 'SUCCESSFUL'),
(10, 'CHF', 886, 71, 21, 'USD', 1059, '2026-03-13T11:47:16.340450Z', 'SUCCESSFUL'),
(18, 'PLN', 5898, 479, 6, 'GBP', 1105, '2026-03-13T11:47:18.379338Z', 'SUCCESSFUL'),
(4, 'EUR', 1124, 91, 13, 'DKK', 7726, '2026-03-13T11:47:18.404290Z', 'SUCCESSFUL'),
(11, 'SEK', 2249, 182, 20, 'USD', 230, '2026-03-13T11:47:20.462191Z', 'SUCCESSFUL'),
(19, 'HUF', 3175, 257, 2, 'EUR', 7, '2026-03-13T11:47:22.532569Z', 'SUCCESSFUL'),
(5, 'EUR', 1455, 118, 13, 'DKK', 10000, '2026-03-13T11:47:22.573545Z', 'SUCCESSFUL'),
(8, 'EUR', 3934, 319, 19, 'HUF', 1382382, '2026-03-13T11:47:24.621706Z', 'SUCCESSFUL'),
(19, 'HUF', 6365, 517, 4, 'EUR', 15, '2026-03-13T11:47:26.687792Z', 'SUCCESSFUL'),
(7, 'JPY', 5488, 445, 13, 'DKK', 202, '2026-03-13T11:47:26.728381Z', 'SUCCESSFUL'),
(11, 'SEK', 4464, 362, 17, 'JPY', 71688, '2026-03-13T11:47:28.779211Z', 'SUCCESSFUL'),
(21, 'USD', 2972, 241, 2, 'EUR', 2296, '2026-03-13T11:47:30.821951Z', 'SUCCESSFUL'),
(6, 'GBP', 598, 48, 11, 'SEK', 6727, '2026-03-13T11:47:30.847381Z', 'SUCCESSFUL'),
(12, 'NOK', 4798, 389, 21, 'USD', 457, '2026-03-13T11:47:32.901310Z', 'SUCCESSFUL'),
(19, 'HUF', 9592, 779, 3, 'GBP', 20, '2026-03-13T11:47:34.954570Z', 'SUCCESSFUL'),
(3, 'GBP', 8073, 655, 10, 'CHF', 7782, '2026-03-13T11:47:34.992075Z', 'SUCCESSFUL'),
(11, 'SEK', 7277, 591, 19, 'HUF', 239707, '2026-03-13T11:47:37.066594Z', 'SUCCESSFUL'),
(18, 'PLN', 2992, 243, 4, 'EUR', 643, '2026-03-13T11:47:39.144313Z', 'SUCCESSFUL'),
(6, 'GBP', 9340, 758, 12, 'NOK', 112698, '2026-03-13T11:47:39.192463Z', 'SUCCESSFUL'),
(11, 'SEK', 8549, 694, 15, 'JPY', 137277, '2026-03-13T11:47:41.242209Z', 'SUCCESSFUL'),
(16, 'JPY', 4176, 339, 4, 'EUR', 20, '2026-03-13T11:47:43.289375Z', 'SUCCESSFUL'),
(4, 'EUR', 7960, 646, 11, 'SEK', 78011, '2026-03-13T11:47:43.318038Z', 'SUCCESSFUL'),
(12, 'NOK', 9104, 739, 16, 'JPY', 136173, '2026-03-13T11:47:45.379033Z', 'SUCCESSFUL'),
(19, 'HUF', 2322, 188, 5, 'EUR', 5, '2026-03-13T11:47:47.454992Z', 'SUCCESSFUL'),
(5, 'EUR', 2263, 113, 9, 'EUR', 2150, '2026-03-13T11:47:47.502933Z', 'SUCCESSFUL'),
(11, 'SEK', 1236, 100, 20, 'USD', 126, '2026-03-13T11:47:49.547681Z', 'SUCCESSFUL'),
(15, 'JPY', 4229, 343, 3, 'GBP', 18, '2026-03-13T11:47:51.593384Z', 'SUCCESSFUL'),
(4, 'EUR', 6868, 343, 9, 'EUR', 6525, '2026-03-13T11:47:51.611510Z', 'SUCCESSFUL'),
(11, 'SEK', 740, 60, 20, 'USD', 75, '2026-03-13T11:47:53.660796Z', 'SUCCESSFUL'),
(17, 'JPY', 5053, 410, 3, 'GBP', 21, '2026-03-13T11:47:55.738149Z', 'SUCCESSFUL'),
(3, 'GBP', 8213, 667, 9, 'EUR', 8653, '2026-03-13T11:47:55.795376Z', 'SUCCESSFUL'),
(11, 'SEK', 2167, 176, 17, 'JPY', 34795, '2026-03-13T11:47:57.862824Z', 'SUCCESSFUL'),
(15, 'JPY', 7357, 597, 5, 'EUR', 36, '2026-03-13T11:47:59.898029Z', 'SUCCESSFUL'),
(6, 'GBP', 7193, 584, 9, 'EUR', 7579, '2026-03-13T11:47:59.918466Z', 'SUCCESSFUL'),
(13, 'DKK', 2891, 234, 20, 'USD', 422, '2026-03-13T11:48:01.976372Z', 'SUCCESSFUL'),
(18, 'PLN', 4295, 348, 2, 'EUR', 923, '2026-03-13T11:48:04.015456Z', 'SUCCESSFUL'),
(7, 'JPY', 2895, 235, 13, 'DKK', 106, '2026-03-13T11:48:04.038646Z', 'SUCCESSFUL'),
(8, 'EUR', 5906, 479, 20, 'USD', 6454, '2026-03-13T11:48:06.063466Z', 'SUCCESSFUL'),
(17, 'JPY', 4001, 325, 5, 'EUR', 19, '2026-03-13T11:48:08.121966Z', 'SUCCESSFUL');